Features,Avg Precision@5,Avg MRR@20,Avg Recall@20,Avg NDCG@5
"['bm25', 'dense_sim', 'ipc_sim']",0.13333333333333333,0.5,0.19444444444444442,0.6666666666666666
"['bm25', 'dense_sim']",0.13333333333333333,0.5,0.19444444444444442,0.6666666666666666
"['bm25', 'ipc_sim']",0.06666666666666667,0.35555555555555557,0.19444444444444442,0.3333333333333333
"['dense_sim', 'ipc_sim']",0.13333333333333333,0.5,0.19444444444444442,0.6666666666666666
